Column1,Runs,Mins,BF,4s,6s,SR,Pos,Dismissal,Inns,Opposition,Ground,Start Date,Match No
0,0,-,2,0,0,0.00,5,caught,2,v Pakistan,Gujranwala,18-12-1989,ODI # 593
1,0,2,2,0,0,0.00,5,caught,2,v New Zealand,Dunedin,01-03-1990,ODI # 612
2,36,51,39,5,0,92.30,6,caught,1,v New Zealand,Wellington,06-03-1990,ODI # 616
3,10,-,12,0,0,83.33,5,run out,1,v Sri Lanka,Sharjah,25-04-1990,ODI # 623
4,20,-,25,1,0,80.00,7,caught,2,v Pakistan,Sharjah,27-04-1990,ODI # 625
5,19,38,35,1,1,54.28,4,bowled,2,v England,Leeds,18-07-1990,ODI # 634
6,31,31,26,3,0,119.23,6,bowled,2,v England,Nottingham,20-07-1990,ODI # 635
7,36,-,22,3,2,163.63,5,bowled,1,v Sri Lanka,Nagpur,01-12-1990,ODI # 644
8,53,-,41,7,1,129.26,5,bowled,2,v Sri Lanka,Pune,05-12-1990,ODI # 646
9,30,-,29,1,2,103.44,5,caught,1,v Sri Lanka,Margao,08-12-1990,ODI # 648
10,DNB,-,-,-,-,-,-,-,2,v Bangladesh,Chandigarh,25-12-1990,ODI # 657
11,4,-,11,0,0,36.36,5,lbw,2,v Sri Lanka,Cuttack,28-12-1990,ODI # 658
12,53,-,70,2,0,75.71,4,lbw,2,v Sri Lanka,Eden Gardens,04-01-1991,ODI # 661
13,52*,-,40,5,0,130.00,5,not out,1,v Pakistan,Sharjah,18-10-1991,ODI # 680
14,22,-,27,3,0,81.48,5,run out,1,v West Indies,Sharjah,19-10-1991,ODI # 681
15,11*,-,27,1,0,40.74,5,not out,2,v West Indies,Sharjah,22-10-1991,ODI # 683
16,49,-,38,3,2,128.94,5,caught,2,v Pakistan,Sharjah,23-10-1991,ODI # 684
17,0,-,1,0,0,0.00,5,lbw,2,v Pakistan,Sharjah,25-10-1991,ODI # 685
18,62,-,73,8,1,84.93,4,caught,2,v South Africa,Eden Gardens,10-11-1991,ODI # 686
19,4,-,8,0,0,50.00,4,caught,1,v South Africa,Gwalior,12-11-1991,ODI # 687
20,1,-,3,0,0,33.33,4,caught,1,v South Africa,New Delhi,14-11-1991,ODI # 688
21,1,14,9,0,0,11.11,4,caught,1,v West Indies,Perth,06-12-1991,ODI # 692
22,36,79,65,3,0,55.38,4,caught,1,v Australia,Perth,08-12-1991,ODI # 693
23,57,111,107,3,0,53.27,4,caught,1,v Australia,Hobart,10-12-1991,ODI # 694
24,48,62,57,2,0,84.21,4,caught,1,v West Indies,Adelaide,14-12-1991,ODI # 696
25,21,38,35,3,0,60.00,4,caught,1,v Australia,Adelaide,15-12-1991,ODI # 697
26,77,157,127,5,0,60.62,4,caught,1,v West Indies,Brisbane,11-01-1992,ODI # 702
27,31,64,44,1,0,70.45,5,run out,1,v Australia,Sydney,14-01-1992,ODI # 705
28,57*,118,88,2,0,64.77,4,not out,2,v West Indies,Melbourne,16-01-1992,ODI # 707
29,4,12,10,0,0,40.00,4,caught,2,v Australia,Melbourne,18-01-1992,ODI # 709
30,69,116,100,3,0,69.00,4,caught,2,v Australia,Sydney,20-01-1992,ODI # 711
31,35,51,44,5,0,79.54,4,caught,2,v England,Perth,22-02-1992,ODI # 715
32,DNB,-,-,-,-,-,-,-,1,v Sri Lanka,Mackay,28-02-1992,ODI # 722
33,11,19,19,1,0,57.89,4,caught,2,v Australia,Brisbane,01-03-1992,ODI # 725
34,54*,91,62,3,0,87.09,5,not out,1,v Pakistan,Sydney,04-03-1992,ODI # 729
35,81,88,77,8,1,105.19,4,caught,1,v Zimbabwe,Hamilton,07-03-1992,ODI # 732
36,4,11,11,0,0,36.36,4,caught,1,v West Indies,Wellington,10-03-1992,ODI # 737
37,84,122,107,6,0,78.50,4,caught,1,v New Zealand,Dunedin,12-03-1992,ODI # 740
38,14,14,14,1,0,100.00,4,caught,1,v South Africa,Adelaide,15-03-1992,ODI # 745
39,39,92,56,7,0,69.64,4,caught,1,v Zimbabwe,Harare,25-10-1992,ODI # 764
40,15,-,27,1,0,55.55,4,bowled,1,v South Africa,Cape Town,07-12-1992,ODI # 770
41,10,-,36,0,0,27.77,4,caught,1,v South Africa,Gqeberha,09-12-1992,ODI # 772
42,22,-,24,2,0,91.66,5,caught,2,v South Africa,Centurion,11-12-1992,ODI # 774
43,21,-,44,1,0,47.72,5,caught,1,v South Africa,Johannesburg,13-12-1992,ODI # 779
44,32,-,52,1,0,61.53,5,bowled,1,v South Africa,Bloemfontein,15-12-1992,ODI # 781
45,23,-,39,0,0,58.97,5,caught,2,v South Africa,Durban,17-12-1992,ODI # 783
46,21,-,38,3,0,55.26,3,caught,2,v South Africa,East London,19-12-1992,ODI # 784
47,82*,116,81,6,1,101.23,5,not out,1,v England,Jaipur,18-01-1993,ODI # 794
48,1,9,5,0,0,20.00,5,lbw,2,v England,Chandigarh,21-01-1993,ODI # 795
49,3,7,6,0,0,50.00,4,caught,2,v England,Bengaluru,26-02-1993,ODI # 809
50,24,42,32,1,0,75.00,4,bowled,1,v England,Jamshedpur,01-03-1993,ODI # 811
51,5,7,6,1,0,83.33,5,bowled,2,v England,Gwalior,04-03-1993,ODI # 813
52,34,42,30,2,1,113.33,5,caught,2,v England,Gwalior,05-03-1993,ODI # 814
53,3,16,9,0,0,33.33,5,caught,1,v Zimbabwe,Faridabad,19-03-1993,ODI # 817
54,8*,8,6,0,0,133.33,5,not out,2,v Zimbabwe,Guwahati,22-03-1993,ODI # 820
55,DNB,-,-,-,-,-,-,-,2,v Zimbabwe,Pune,25-03-1993,ODI # 823
56,21,-,39,1,0,53.84,5,caught,1,v Sri Lanka,Colombo (RPS),25-07-1993,ODI # 833
57,15,-,30,0,0,50.00,5,run out,2,v Sri Lanka,Colombo (RPS),12-08-1993,ODI # 834
58,25,-,39,1,0,64.10,5,caught,1,v Sri Lanka,Moratuwa,14-08-1993,ODI # 835
59,26*,-,30,4,0,86.66,5,not out,2,v Sri Lanka,Kanpur,07-11-1993,ODI # 846
60,2,-,8,0,0,25.00,5,lbw,2,v West Indies,Ahmedabad,16-11-1993,ODI # 851
61,24,22,16,1,1,150.00,6,caught,1,v Zimbabwe,Indore,18-11-1993,ODI # 852
62,3,-,25,0,0,12.00,4,caught,1,v South Africa,Mohali,22-11-1993,ODI # 855
63,15,-,31,3,0,48.38,5,caught,1,v South Africa,Eden Gardens,24-11-1993,ODI # 856
64,28*,-,43,2,0,65.11,5,not out,1,v West Indies,Eden Gardens,27-11-1993,ODI # 858
65,1,10,5,0,0,20.00,5,caught,1,v Sri Lanka,Rajkot,15-02-1994,ODI # 879
66,11*,25,18,0,0,61.11,5,not out,2,v Sri Lanka,Hyderabad (Deccan),18-02-1994,ODI # 881
67,52,83,63,3,0,82.53,5,run out,1,v Sri Lanka,Jalandhar,20-02-1994,ODI # 883
68,15,22,19,1,0,78.94,5,caught,2,v New Zealand,Napier,25-03-1994,ODI # 896
69,82,69,49,15,2,167.34,2,caught,2,v New Zealand,Auckland,27-03-1994,ODI # 897
70,63,91,75,9,0,84.00,2,lbw,1,v New Zealand,Wellington,30-03-1994,ODI # 898
71,40,34,26,8,0,153.84,2,bowled,1,v New Zealand,Christchurch,02-04-1994,ODI # 899
72,63,125,77,7,1,81.81,2,caught,1,v U.A.E.,Sharjah,13-04-1994,ODI # 904
73,73,96,64,10,3,114.06,2,caught,1,v Pakistan,Sharjah,15-04-1994,ODI # 906
74,6,12,7,1,0,85.71,2,caught,2,v Australia,Sharjah,19-04-1994,ODI # 910
75,24,59,26,4,0,92.30,2,caught,2,v Pakistan,Sharjah,22-04-1994,ODI # 912
76,11*,-,16,2,0,68.75,2,not out,1,v Sri Lanka,Colombo (RPS),04-09-1994,ODI # 921
77,6,13,5,0,0,120.00,2,caught,1,v Sri Lanka,Colombo (RPS),05-09-1994,ODI # 922
78,110,186,130,8,2,84.61,2,bowled,1,v Australia,Colombo (RPS),09-09-1994,ODI # 924
79,0,6,2,0,0,0.00,2,caught,2,v Sri Lanka,Colombo (SSC),17-09-1994,ODI # 927
80,0,3,4,0,0,0.00,2,caught,2,v West Indies,Faridabad,17-10-1994,ODI # 931
81,0,7,4,0,0,0.00,2,caught,2,v West Indies,Wankhede,20-10-1994,ODI # 933
82,8,28,24,0,0,33.33,3,caught,2,v West Indies,Chennai,23-10-1994,ODI # 936
83,115,184,136,9,3,84.55,2,run out,2,v New Zealand,Vadodara,28-10-1994,ODI # 939
84,34,53,47,7,0,72.34,2,bowled,2,v West Indies,Kanpur,30-10-1994,ODI # 941
85,62,80,54,13,0,114.81,2,bowled,1,v New Zealand,Delhi,03-11-1994,ODI # 944
86,66,101,68,8,0,97.05,2,caught,1,v West Indies,Eden Gardens,05-11-1994,ODI # 947
87,54,130,64,5,0,84.37,2,caught,1,v West Indies,Visakhapatnam,07-11-1994,ODI # 949
88,88,147,112,10,0,78.57,2,bowled,2,v West Indies,Cuttack,09-11-1994,ODI # 950
89,105,180,134,10,0,78.35,2,caught,1,v West Indies,Jaipur,11-11-1994,ODI # 951
90,13,30,15,3,0,86.66,2,caught,1,v New Zealand,Napier,16-02-1995,ODI # 976
91,37,75,51,3,1,72.54,2,caught,2,v South Africa,Hamilton,18-02-1995,ODI # 977
92,47,65,40,7,0,117.50,2,caught,2,v Australia,Dunedin,22-02-1995,ODI # 979
93,48,37,30,9,1,160.00,2,bowled,2,v Bangladesh,Sharjah,05-04-1995,ODI # 993
94,4,13,9,1,0,44.44,2,caught,2,v Pakistan,Sharjah,07-04-1995,ODI # 995
95,112*,137,107,15,1,104.67,2,not out,2,v Sri Lanka,Sharjah,09-04-1995,ODI # 997
96,41,51,41,5,0,100.00,2,caught,2,v Sri Lanka,Sharjah,14-04-1995,ODI # 999
97,30,30,20,5,0,150.00,2,caught,1,v New Zealand,Jamshedpur,15-11-1995,ODI # 1015
98,39,79,51,4,0,76.47,2,caught,2,v New Zealand,Amritsar,18-11-1995,ODI # 1016
99,7,27,11,1,0,63.63,2,caught,2,v New Zealand,Pune,24-11-1995,ODI # 1017
100,65,96,59,9,1,110.16,2,run out,2,v New Zealand,Nagpur,26-11-1995,ODI # 1018
101,1,14,4,0,0,25.00,2,bowled,2,v New Zealand,Brabourne,29-11-1995,ODI # 1019
102,127*,175,138,15,1,92.02,2,not out,2,v Kenya,Cuttack,18-02-1996,ODI # 1052
103,70,137,91,8,0,76.92,2,run out,2,v West Indies,Gwalior,21-02-1996,ODI # 1056
104,90,124,84,14,1,107.14,2,stumped,2,v Australia,Wankhede,27-02-1996,ODI # 1065
105,137,198,137,8,5,100.00,2,run out,1,v Sri Lanka,Delhi,02-03-1996,ODI # 1070
106,3,10,12,0,0,25.00,1,bowled,1,v Zimbabwe,Kanpur,06-03-1996,ODI # 1075
107,31,103,59,3,0,52.54,2,bowled,1,v Pakistan,Bengaluru,09-03-1996,ODI # 1078
108,65,96,88,9,0,73.86,1,stumped,2,v Sri Lanka,Eden Gardens,13-03-1996,ODI # 1081
109,28,-,31,3,1,90.32,1,caught,1,v Sri Lanka,Singapore,03-04-1996,ODI # 1089
110,100,-,111,9,1,90.09,2,stumped,1,v Pakistan,Singapore,05-04-1996,ODI # 1091
111,1,-,5,0,0,20.00,2,caught,2,v Pakistan,Sharjah,12-04-1996,ODI # 1094
112,2,23,15,0,0,13.33,2,caught,2,v South Africa,Sharjah,14-04-1996,ODI # 1097
113,118,-,140,8,2,84.28,2,caught,1,v Pakistan,Sharjah,15-04-1996,ODI # 1098
114,17,32,26,2,0,65.38,2,caught,1,v South Africa,Sharjah,17-04-1996,ODI # 1100
115,57,104,71,6,0,80.28,2,run out,2,v South Africa,Sharjah,19-04-1996,ODI # 1101
116,30,30,19,5,1,157.89,2,lbw,2,v England,The Oval,23-05-1996,ODI # 1102
117,6,26,19,0,0,31.57,2,run out,1,v England,Leeds,25-05-1996,ODI # 1103
118,1,18,11,0,0,9.09,2,caught,1,v England,Manchester,26-05-1996,ODI # 1104
119,110,-,138,5,1,79.71,2,run out,1,v Sri Lanka,Colombo (RPS),28-08-1996,ODI # 1106
120,40,60,46,8,0,86.95,2,caught,2,v Zimbabwe,Colombo (SSC),01-09-1996,ODI # 1110
121,7,24,11,1,0,63.63,2,caught,1,v Australia,Colombo (SSC),06-09-1996,ODI # 1113
122,89*,-,89,9,3,100.00,2,not out,2,v Pakistan,Toronto,16-09-1996,ODI # 1115
123,20,-,23,3,0,86.95,2,caught,1,v Pakistan,Toronto,17-09-1996,ODI # 1116
124,2,-,13,0,0,15.38,2,caught,1,v Pakistan,Toronto,18-09-1996,ODI # 1117
125,3,-,9,0,0,33.33,2,caught,2,v Pakistan,Toronto,21-09-1996,ODI # 1118
126,23,-,44,0,1,52.27,2,run out,2,v Pakistan,Toronto,23-09-1996,ODI # 1119
127,11,20,8,2,0,137.50,2,caught,2,v South Africa,Hyderabad (Deccan),17-10-1996,ODI # 1127
128,88,189,111,9,0,79.27,2,lbw,2,v Australia,Bengaluru,21-10-1996,ODI # 1129
129,64,133,93,3,0,68.81,2,caught,2,v South Africa,Jaipur,23-10-1996,ODI # 1130
130,28,55,38,5,0,73.68,1,lbw,1,v South Africa,Rajkot,29-10-1996,ODI # 1132
131,62,-,61,8,0,101.63,1,caught,1,v Australia,Mohali,03-11-1996,ODI # 1137
132,67,128,88,6,0,76.13,2,caught,1,v South Africa,Wankhede,06-11-1996,ODI # 1138
133,114,157,126,14,0,90.47,1,stumped,1,v South Africa,Wankhede,14-12-1996,ODI # 1151
134,0,12,4,0,0,0.00,2,bowled,2,v South Africa,Bloemfontein,23-01-1997,ODI # 1167
135,6,8,8,1,0,75.00,1,caught,2,v Zimbabwe,Paarl,27-01-1997,ODI # 1169
136,1,14,14,0,0,7.14,4,bowled,1,v South Africa,Gqeberha,02-02-1997,ODI # 1172
137,14,34,24,2,0,58.33,3,caught,1,v South Africa,East London,04-02-1997,ODI # 1173
138,41,81,56,1,1,73.21,4,caught,1,v Zimbabwe,Centurion,07-02-1997,ODI # 1174
139,104,121,97,8,1,107.21,2,caught,2,v Zimbabwe,Benoni,09-02-1997,ODI # 1175
140,32,55,27,6,0,118.51,2,caught,1,v South Africa,Durban,12-02-1997,ODI # 1176
141,45,48,33,7,1,136.36,2,caught,2,v South Africa,Durban,13-02-1997,ODI # 1177
142,13,18,15,0,1,86.66,2,caught,1,v Zimbabwe,Bulawayo,15-02-1997,ODI # 1178
143,44,57,43,10,0,102.32,1,caught,1,v West Indies,Port of Spain,26-04-1997,ODI # 1200
144,65*,111,70,7,0,92.85,1,not out,2,v West Indies,Port of Spain,27-04-1997,ODI # 1201
145,9,22,15,1,0,60.00,1,bowled,2,v West Indies,Kingstown,30-04-1997,ODI # 1202
146,1,17,11,0,0,9.09,1,caught,1,v West Indies,Bridgetown,03-05-1997,ODI # 1203
147,117,188,137,13,2,85.40,2,bowled,2,v New Zealand,Bengaluru,14-05-1997,ODI # 1206
148,2,19,4,0,0,50.00,2,caught,1,v Sri Lanka,Wankhede,17-05-1997,ODI # 1207
149,4,10,7,1,0,57.14,1,caught,2,v Pakistan,Chennai,21-05-1997,ODI # 1209
150,21,49,28,3,0,75.00,1,bowled,1,v Sri Lanka,Colombo (RPS),18-07-1997,ODI # 1218
151,TDNB,-,-,-,-,-,-,-,-,v Pakistan,Colombo (SSC),20-07-1997,ODI # 1219
152,28,36,21,5,0,133.33,2,bowled,2,v Bangladesh,Colombo (SSC),24-07-1997,ODI # 1221
153,53,109,67,2,0,79.10,4,caught,1,v Sri Lanka,Colombo (RPS),26-07-1997,ODI # 1222
154,27,55,28,3,0,96.42,1,caught,2,v Sri Lanka,Colombo (RPS),17-08-1997,ODI # 1223
155,6,4,6,1,0,100.00,1,lbw,1,v Sri Lanka,Colombo (RPS),20-08-1997,ODI # 1224
156,27,47,31,4,0,87.09,2,caught,1,v Sri Lanka,Colombo (SSC),23-08-1997,ODI # 1225
157,39,41,32,3,2,121.87,1,caught,2,v Sri Lanka,Colombo (SSC),24-08-1997,ODI # 1226
158,17,82,54,2,0,31.48,1,caught,1,v Pakistan,Toronto,13-09-1997,ODI # 1227
159,25*,66,45,3,0,55.55,4,not out,2,v Pakistan,Toronto,14-09-1997,ODI # 1228
160,TDNB,-,-,-,-,-,-,-,-,v Pakistan,Toronto,17-09-1997,ODI # 1229
161,0,26,10,0,0,0.00,4,caught,1,v Pakistan,Toronto,18-09-1997,ODI # 1230
162,6,10,7,1,0,85.71,1,caught,2,v Pakistan,Toronto,20-09-1997,ODI # 1231
163,51,106,64,4,1,79.68,1,lbw,1,v Pakistan,Toronto,21-09-1997,ODI # 1232
164,2,17,11,0,0,18.18,1,bowled,1,v Pakistan,Hyderabad (Sind),28-09-1997,ODI # 1233
165,21,24,18,2,1,116.66,1,caught,2,v Pakistan,Karachi,30-09-1997,ODI # 1234
166,7,19,11,1,0,63.63,1,caught,1,v Pakistan,Lahore,02-10-1997,ODI # 1236
167,91,146,87,4,2,104.59,4,stumped,2,v England,Sharjah,11-12-1997,ODI # 1259
168,3,4,4,0,0,75.00,5,caught,1,v Pakistan,Sharjah,14-12-1997,ODI # 1262
169,1,3,2,0,0,50.00,4,run out,2,v West Indies,Sharjah,16-12-1997,ODI # 1264
170,82*,110,86,6,0,95.34,4,not out,2,v Sri Lanka,Guwahati,22-12-1997,ODI # 1267
171,TDNB,-,-,-,-,-,-,-,-,v Sri Lanka,Indore,25-12-1997,ODI # 1268
172,6,23,13,0,0,46.15,3,caught,1,v Sri Lanka,Margao,28-12-1997,ODI # 1269
173,54,104,76,4,0,71.05,4,caught,2,v Bangladesh,Dhaka,10-01-1998,ODI # 1271
174,67,-,44,11,0,152.27,2,stumped,1,v Pakistan,Dhaka,11-01-1998,ODI # 1273
175,95,104,78,6,5,121.79,2,bowled,2,v Pakistan,Dhaka,14-01-1998,ODI # 1276
176,1,14,6,0,0,16.66,2,bowled,1,v Pakistan,Dhaka,16-01-1998,ODI # 1277
177,41,-,26,7,1,157.69,2,caught,2,v Pakistan,Dhaka,18-01-1998,ODI # 1279
178,8,21,11,1,0,72.72,2,caught,1,v Australia,Kochi,01-04-1998,ODI # 1300
179,5,44,17,0,0,29.41,2,run out,1,v Zimbabwe,Vadodara,05-04-1998,ODI # 1305
180,100,132,89,5,7,112.35,2,caught,2,v Australia,Kanpur,07-04-1998,ODI # 1308
181,1,18,2,0,0,50.00,2,caught,1,v Zimbabwe,Cuttack,09-04-1998,ODI # 1311
182,15,45,24,2,0,62.50,2,caught,1,v Australia,Delhi,14-04-1998,ODI # 1316
183,40,62,41,5,1,97.56,1,caught,1,v New Zealand,Sharjah,17-04-1998,ODI # 1319
184,80,136,72,9,0,111.11,2,caught,2,v Australia,Sharjah,19-04-1998,ODI # 1322
185,38,93,58,2,0,65.51,1,run out,1,v New Zealand,Sharjah,20-04-1998,ODI # 1323
186,143,187,131,9,5,109.16,2,caught,2,v Australia,Sharjah,22-04-1998,ODI # 1325
187,134,195,131,12,3,102.29,2,lbw,2,v Australia,Sharjah,24-04-1998,ODI # 1327
188,33,48,29,6,0,113.79,2,caught,2,v Bangladesh,Wankhede,25-05-1998,ODI # 1335
189,18,33,25,2,0,72.00,2,caught,2,v Kenya,Gwalior,28-05-1998,ODI # 1336
190,100*,156,103,13,0,97.08,2,not out,2,v Kenya,Eden Gardens,31-05-1998,ODI # 1337
191,65,79,50,9,0,130.00,2,caught,2,v Sri Lanka,Colombo (RPS),19-06-1998,ODI # 1338
192,53,43,36,3,3,147.22,2,caught,2,v New Zealand,Colombo (RPS),23-06-1998,ODI # 1340
193,17,28,16,4,0,106.25,2,caught,2,v Sri Lanka,Colombo (SSC),01-07-1998,ODI # 1341
194,TDNB,-,-,-,-,-,-,-,-,v New Zealand,Colombo (SSC),03-07-1998,ODI # 1342
195,128,182,131,8,2,97.70,2,stumped,1,v Sri Lanka,Colombo (RPS),07-07-1998,ODI # 1344
196,77,157,109,9,0,70.64,2,caught,1,v Pakistan,Toronto,20-09-1998,ODI # 1353
197,127*,155,130,13,1,97.69,2,not out,2,v Zimbabwe,Bulawayo,26-09-1998,ODI # 1354
198,29,33,21,4,1,138.09,1,caught,2,v Zimbabwe,Bulawayo,27-09-1998,ODI # 1355
199,2,7,6,0,0,33.33,2,caught,2,v Zimbabwe,Harare,30-09-1998,ODI # 1356
200,141,191,128,13,3,110.15,2,run out,1,v Australia,Dhaka,28-10-1998,ODI # 1360
201,8,20,14,1,0,57.14,2,caught,1,v West Indies,Dhaka,31-10-1998,ODI # 1363
202,3,15,6,0,0,50.00,2,caught,2,v Sri Lanka,Sharjah,06-11-1998,ODI # 1366
203,118*,173,112,14,2,105.35,2,not out,2,v Zimbabwe,Sharjah,08-11-1998,ODI # 1369
204,18,57,28,2,0,64.28,1,caught,1,v Sri Lanka,Sharjah,09-11-1998,ODI # 1370
205,11,33,12,2,0,91.66,2,caught,2,v Zimbabwe,Sharjah,11-11-1998,ODI # 1373
206,124*,140,92,12,6,134.78,2,not out,2,v Zimbabwe,Sharjah,13-11-1998,ODI # 1374
207,0,10,5,0,0,0.00,2,caught,1,v New Zealand,Taupo,09-01-1999,ODI # 1378
208,23,37,19,4,0,121.05,2,caught,2,v New Zealand,Napier,12-01-1999,ODI # 1381
209,45,68,42,2,2,107.14,2,stumped,1,v New Zealand,Wellington,14-01-1999,ODI # 1383
210,5,27,12,1,0,41.66,1,lbw,2,v New Zealand,Auckland,16-01-1999,ODI # 1385
211,28,71,46,5,0,60.86,2,caught,1,v South Africa,Hove,15-05-1999,ODI # 1444
212,140*,114,101,16,3,138.61,4,not out,1,v Kenya,Bristol,23-05-1999,ODI # 1457
213,2,10,3,0,0,66.66,4,bowled,1,v Sri Lanka,Taunton,26-05-1999,ODI # 1463
214,22,49,40,2,0,55.00,4,caught,1,v England,Birmingham,29-05-1999,ODI # 1467
215,0,5,4,0,0,0.00,2,caught,2,v Australia,The Oval,04-06-1999,ODI # 1473
216,45,92,65,5,0,69.23,1,caught,1,v Pakistan,Manchester,08-06-1999,ODI # 1476
217,16,26,22,2,0,72.72,1,bowled,1,v New Zealand,Nottingham,12-06-1999,ODI # 1480
218,14,52,33,0,0,42.42,2,caught,1,v Australia,Galle,23-08-1999,ODI # 1486
219,37,105,58,1,0,63.79,2,run out,1,v Sri Lanka,Colombo (RPS),25-08-1999,ODI # 1487
220,120,191,141,11,2,85.10,1,caught,1,v Sri Lanka,Colombo (SSC),29-08-1999,ODI # 1490
221,85,114,72,7,3,118.05,2,caught,1,v Zimbabwe,Singapore,04-09-1999,ODI # 1493
222,40,97,65,6,0,61.53,1,caught,1,v West Indies,Singapore,07-09-1999,ODI # 1495
223,0,-,6,0,0,0.00,1,caught,1,v West Indies,Singapore,08-09-1999,ODI # 1496
224,32,61,31,2,1,103.22,2,caught,2,v New Zealand,Rajkot,05-11-1999,ODI # 1522
225,186*,221,150,20,3,124.00,2,not out,1,v New Zealand,Hyderabad (Deccan),08-11-1999,ODI # 1523
226,1,41,23,0,0,4.34,2,caught,1,v New Zealand,Gwalior,11-11-1999,ODI # 1524
227,2,21,10,0,0,20.00,2,caught,2,v New Zealand,Guwahati,14-11-1999,ODI # 1525
228,0,2,3,0,0,0.00,4,caught,2,v New Zealand,Delhi,17-11-1999,ODI # 1526
229,13,28,26,2,0,50.00,4,bowled,1,v Pakistan,Brisbane,10-01-2000,ODI # 1537
230,12,25,11,2,0,109.09,4,run out,2,v Australia,Melbourne,12-01-2000,ODI # 1539
231,1,13,11,0,0,9.09,2,caught,1,v Australia,Sydney,14-01-2000,ODI # 1540
232,93,157,103,10,0,90.29,1,bowled,2,v Pakistan,Hobart,21-01-2000,ODI # 1543
233,41,69,46,5,0,89.13,1,caught,1,v Pakistan,Adelaide,25-01-2000,ODI # 1547
234,18,45,28,2,0,64.28,1,caught,2,v Australia,Adelaide,26-01-2000,ODI # 1548
235,17,19,14,4,0,121.42,1,caught,2,v Pakistan,Perth,28-01-2000,ODI # 1550
236,3,23,21,0,0,14.28,2,bowled,1,v Australia,Perth,30-01-2000,ODI # 1552
237,26,66,25,4,0,104.00,2,caught,2,v South Africa,Kochi,09-03-2000,ODI # 1572
238,21,39,31,3,0,67.74,2,caught,2,v South Africa,Jamshedpur,12-03-2000,ODI # 1573
239,12,48,28,1,0,42.85,2,lbw,1,v South Africa,Faridabad,15-03-2000,ODI # 1574
240,122,195,138,12,0,88.40,2,caught,2,v South Africa,Vadodara,17-03-2000,ODI # 1575
241,93,119,89,7,4,104.49,2,caught,2,v South Africa,Nagpur,19-03-2000,ODI # 1576
242,5,10,8,0,0,62.50,2,bowled,1,v South Africa,Sharjah,22-03-2000,ODI # 1577
243,11,54,28,1,0,39.28,2,lbw,2,v Pakistan,Sharjah,23-03-2000,ODI # 1578
244,10,23,18,1,0,55.55,2,bowled,2,v Pakistan,Sharjah,26-03-2000,ODI # 1580
245,39,117,68,3,0,57.35,1,run out,1,v South Africa,Sharjah,27-03-2000,ODI # 1581
246,36,55,25,4,2,144.00,2,caught,2,v Bangladesh,Dhaka,30-05-2000,ODI # 1597
247,93,174,95,10,0,97.89,2,caught,2,v Sri Lanka,Dhaka,01-06-2000,ODI # 1598
248,25,74,30,4,0,83.33,2,lbw,2,v Pakistan,Dhaka,03-06-2000,ODI # 1600
249,25,55,35,4,0,71.42,2,lbw,2,v Kenya,Nairobi (Gym),03-10-2000,ODI # 1630
250,38,58,37,3,3,102.70,2,caught,1,v Australia,Nairobi (Gym),07-10-2000,ODI # 1633
251,39,61,50,4,0,78.00,2,caught,1,v South Africa,Nairobi (Gym),13-10-2000,ODI # 1638
252,69,103,83,10,1,83.13,2,run out,1,v New Zealand,Nairobi (Gym),15-10-2000,ODI # 1639
253,101,-,140,3,1,72.14,2,run out,1,v Sri Lanka,Sharjah,20-10-2000,ODI # 1640
254,8,-,15,1,0,53.33,2,caught,1,v Zimbabwe,Sharjah,22-10-2000,ODI # 1644
255,4,-,10,0,0,40.00,1,caught,2,v Zimbabwe,Sharjah,26-10-2000,ODI # 1648
256,61,-,54,7,0,112.96,2,caught,2,v Sri Lanka,Sharjah,27-10-2000,ODI # 1650
257,5,-,11,0,0,45.45,2,caught,2,v Sri Lanka,Sharjah,29-10-2000,ODI # 1652
258,44,90,49,7,0,89.79,2,caught,2,v Zimbabwe,Cuttack,02-12-2000,ODI # 1656
259,8,27,20,0,0,40.00,1,caught,1,v Zimbabwe,Ahmedabad,05-12-2000,ODI # 1657
260,146,200,153,15,2,95.42,2,caught,1,v Zimbabwe,Jodhpur,08-12-2000,ODI # 1658
261,62,113,86,9,0,72.09,2,lbw,2,v Zimbabwe,Kanpur,11-12-2000,ODI # 1659
262,27,38,38,5,0,71.05,2,bowled,1,v Zimbabwe,Rajkot,14-12-2000,ODI # 1660
263,35,47,26,6,1,134.61,2,run out,1,v Australia,Bengaluru,25-03-2001,ODI # 1696
264,32,35,29,6,1,110.34,2,caught,1,v Australia,Pune,28-03-2001,ODI # 1698
265,139,197,125,19,0,111.20,2,caught,1,v Australia,Indore,31-03-2001,ODI # 1699
266,62,68,38,11,0,163.15,2,caught,2,v Australia,Visakhapatnam,03-04-2001,ODI # 1700
267,12,17,15,2,0,80.00,2,caught,1,v Australia,Margao,06-04-2001,ODI # 1701
268,70*,129,70,13,0,100.00,2,not out,2,v Zimbabwe,Harare,24-06-2001,ODI # 1729
269,9,42,27,0,0,33.33,2,caught,2,v Zimbabwe,Bulawayo,27-06-2001,ODI # 1730
270,81*,191,110,8,0,73.63,2,not out,2,v West Indies,Bulawayo,30-06-2001,ODI # 1731
271,122*,210,131,12,1,93.12,2,not out,2,v West Indies,Harare,04-07-2001,ODI # 1733
272,0,10,4,0,0,0.00,2,caught,2,v West Indies,Harare,07-07-2001,ODI # 1734
273,101,209,129,9,0,78.29,2,caught,1,v South Africa,Johannesburg,05-10-2001,ODI # 1752
274,38,82,57,5,0,66.66,2,caught,1,v South Africa,Centurion,10-10-2001,ODI # 1757
275,DNB,-,-,-,-,-,-,-,2,v Kenya,Bloemfontein,12-10-2001,ODI # 1758
276,3,24,20,0,0,15.00,2,bowled,2,v Kenya,Gqeberha,17-10-2001,ODI # 1761
277,37,68,35,5,0,105.71,2,bowled,2,v South Africa,East London,19-10-2001,ODI # 1762
278,146,186,132,17,0,110.60,2,caught,1,v Kenya,Paarl,24-10-2001,ODI # 1764
279,17,49,42,3,0,40.47,2,bowled,1,v South Africa,Durban,26-10-2001,ODI # 1766
280,36,71,43,6,0,83.72,2,bowled,1,v England,Eden Gardens,19-01-2002,ODI # 1788
281,45,101,60,6,0,75.00,2,run out,2,v England,Cuttack,22-01-2002,ODI # 1792
282,68,110,79,10,0,86.07,1,lbw,2,v England,Chennai,25-01-2002,ODI # 1795
283,87*,120,67,13,1,129.85,1,not out,2,v England,Kanpur,28-01-2002,ODI # 1798
284,18,20,16,3,0,112.50,2,caught,2,v England,Delhi,31-01-2002,ODI # 1800
285,12,22,18,1,1,66.66,2,caught,2,v England,Wankhede,03-02-2002,ODI # 1803
286,34*,64,45,2,0,75.55,4,not out,2,v West Indies,Bridgetown,29-05-2002,ODI # 1836
287,65,110,70,3,1,92.85,4,bowled,1,v West Indies,Port of Spain,02-06-2002,ODI # 1838
288,1,12,9,0,0,11.11,4,lbw,2,v England,Lord's,29-06-2002,ODI # 1848
289,49,123,70,3,1,70.00,4,caught,2,v Sri Lanka,The Oval,30-06-2002,ODI # 1849
290,105*,167,108,8,1,97.22,4,not out,1,v England,Chester-le-Street,04-07-2002,ODI # 1851
291,19,35,25,3,0,76.00,4,caught,2,v Sri Lanka,Birmingham,06-07-2002,ODI # 1852
292,36,60,29,5,0,124.13,4,caught,2,v England,The Oval,09-07-2002,ODI # 1854
293,113,141,102,12,1,110.78,4,caught,1,v Sri Lanka,Bristol,11-07-2002,ODI # 1855
294,14,31,19,1,0,73.68,4,bowled,2,v England,Lord's,13-07-2002,ODI # 1856
295,7,39,16,0,0,43.75,4,caught,1,v Zimbabwe,Colombo (RPS),14-09-2002,ODI # 1876
296,9*,34,20,0,0,45.00,4,not out,2,v England,Colombo (RPS),22-09-2002,ODI # 1884
297,16,39,29,1,0,55.17,4,run out,1,v South Africa,Colombo (RPS),25-09-2002,ODI # 1886
298,DNB,-,-,-,-,-,-,-,2,v Sri Lanka,Colombo (RPS),29-09-2002,ODI # 1888
299,7*,33,22,1,0,31.81,3,not out,2,v Sri Lanka,Colombo (RPS),30-09-2002,ODI # 1889
300,0,9,10,0,0,0.00,4,lbw,2,v New Zealand,Wellington,08-01-2003,ODI # 1930
301,1,21,13,0,0,7.69,4,caught,2,v New Zealand,Auckland,11-01-2003,ODI # 1933
302,1,7,6,0,0,16.66,3,caught,1,v New Zealand,Hamilton,14-01-2003,ODI # 1935
303,52,91,72,7,0,72.22,2,caught,1,v Netherlands,Paarl,12-02-2003,ODI # 1948
304,36,127,59,3,0,61.01,2,lbw,1,v Australia,Centurion,15-02-2003,ODI # 1951
305,81,122,91,10,0,89.01,2,bowled,1,v Zimbabwe,Harare,19-02-2003,ODI # 1957
306,152,193,151,18,0,100.66,2,bowled,1,v Namibia,Pietermaritzburg,23-02-2003,ODI # 1964
307,50,78,52,8,1,96.15,2,caught,1,v England,Durban,26-02-2003,ODI # 1969
308,98,145,75,12,1,130.66,1,caught,2,v Pakistan,Centurion,01-03-2003,ODI # 1975
309,5,21,12,1,0,41.66,2,caught,2,v Kenya,Cape Town,07-03-2003,ODI # 1983
310,97,160,120,7,1,80.83,1,caught,1,v Sri Lanka,Johannesburg,10-03-2003,ODI # 1985
311,15,25,16,3,0,93.75,2,caught,2,v New Zealand,Centurion,14-03-2003,ODI # 1988
312,83,166,101,5,1,82.17,2,caught,1,v Kenya,Durban,20-03-2003,ODI # 1992
313,4,2,5,1,0,80.00,1,caught,2,v Australia,Johannesburg,23-03-2003,ODI # 1993
314,48*,119,66,5,0,72.72,2,not out,1,v New Zealand,Chennai,23-10-2003,ODI # 2051
315,100,158,119,9,1,84.03,2,caught,1,v Australia,Gwalior,26-10-2003,ODI # 2052
316,68,113,76,10,0,89.47,2,bowled,2,v Australia,Wankhede,01-11-2003,ODI # 2054
317,14,29,14,3,0,100.00,2,lbw,1,v New Zealand,Cuttack,06-11-2003,ODI # 2056
318,89,133,91,12,1,97.80,2,bowled,2,v Australia,Bengaluru,12-11-2003,ODI # 2061
319,102,124,91,12,1,112.08,2,caught,1,v New Zealand,Hyderabad (Deccan),15-11-2003,ODI # 2062
320,45,104,66,5,0,68.18,1,bowled,2,v Australia,Eden Gardens,18-11-2003,ODI # 2064
321,63,117,69,8,1,91.30,2,caught,2,v Australia,Melbourne,09-01-2004,ODI # 2077
322,44,107,59,6,0,74.57,2,bowled,2,v Zimbabwe,Hobart,14-01-2004,ODI # 2080
323,86,129,95,8,0,90.52,2,caught,1,v Australia,Brisbane,18-01-2004,ODI # 2084
324,5,17,6,1,0,83.33,2,caught,1,v Australia,Perth,01-02-2004,ODI # 2093
325,3,16,8,0,0,37.50,2,caught,2,v Zimbabwe,Perth,03-02-2004,ODI # 2095
326,8,28,22,1,0,36.36,2,bowled,1,v Australia,Melbourne,06-02-2004,ODI # 2097
327,27,38,40,4,0,67.50,2,caught,2,v Australia,Sydney,08-02-2004,ODI # 2098
328,28,49,35,4,1,80.00,2,caught,1,v Pakistan,Karachi,13-03-2004,ODI # 2112
329,141,173,135,17,1,104.44,2,caught,2,v Pakistan,Rawalpindi,16-03-2004,ODI # 2114
330,0,7,5,0,0,0.00,2,caught,1,v Pakistan,Peshawar,19-03-2004,ODI # 2115
331,7,22,13,1,0,53.84,2,caught,2,v Pakistan,Lahore,21-03-2004,ODI # 2116
332,37,60,48,7,0,77.08,2,caught,1,v Pakistan,Lahore,24-03-2004,ODI # 2117
333,18,39,25,2,0,72.00,2,caught,1,v U.A.E.,Dambulla,16-07-2004,ODI # 2144
334,11,17,13,2,0,84.61,1,caught,2,v Sri Lanka,Dambulla,18-07-2004,ODI # 2148
335,82*,157,126,10,1,65.07,2,not out,2,v Bangladesh,Colombo (SSC),21-07-2004,ODI # 2149
336,78,192,103,6,0,75.72,2,caught,2,v Pakistan,Colombo (RPS),25-07-2004,ODI # 2152
337,18,30,21,3,0,85.71,1,lbw,1,v Sri Lanka,Colombo (RPS),27-07-2004,ODI # 2153
338,74,170,100,7,1,74.00,2,bowled,2,v Sri Lanka,Colombo (RPS),01-08-2004,ODI # 2155
339,16,30,17,2,0,94.11,2,run out,1,v Pakistan,Eden Gardens,13-11-2004,ODI # 2192
340,19,46,32,3,0,59.37,2,caught,1,v Bangladesh,Chattogram,23-12-2004,ODI # 2199
341,47,60,42,9,0,111.90,2,caught,1,v Bangladesh,Dhaka,27-12-2004,ODI # 2202
342,4,8,4,1,0,100.00,2,caught,1,v Pakistan,Kochi,02-04-2005,ODI # 2235
343,2,17,8,0,0,25.00,2,run out,1,v Pakistan,Visakhapatnam,05-04-2005,ODI # 2236
344,6,15,11,1,0,54.54,2,caught,2,v Pakistan,Jamshedpur,09-04-2005,ODI # 2237
345,123,192,130,12,2,94.61,2,bowled,1,v Pakistan,Ahmedabad,12-04-2005,ODI # 2238
346,1,13,10,0,0,10.00,2,caught,1,v Pakistan,Kanpur,15-04-2005,ODI # 2239
347,9,38,15,0,0,60.00,2,bowled,2,v Pakistan,Delhi,17-04-2005,ODI # 2240
348,93,149,96,9,2,96.87,2,caught,1,v Sri Lanka,Nagpur,25-10-2005,ODI # 2286
349,67*,87,69,11,0,97.10,2,not out,2,v Sri Lanka,Mohali,28-10-2005,ODI # 2287
350,2,2,3,0,0,66.66,2,caught,2,v Sri Lanka,Jaipur,31-10-2005,ODI # 2290
351,11,28,19,1,1,57.89,2,bowled,2,v Sri Lanka,Pune,03-11-2005,ODI # 2291
352,19,46,30,3,0,63.33,2,caught,2,v Sri Lanka,Rajkot,09-11-2005,ODI # 2295
353,39,76,48,8,0,81.25,2,caught,2,v Sri Lanka,Vadodara,12-11-2005,ODI # 2296
354,2,20,9,0,0,22.22,2,caught,1,v South Africa,Hyderabad,16-11-2005,ODI # 2297
355,2,31,22,0,0,9.09,2,caught,2,v South Africa,Bengaluru,19-11-2005,ODI # 2298
356,2,18,15,0,0,13.33,3,caught,1,v South Africa,Eden Gardens,25-11-2005,ODI # 2299
357,30,77,44,5,0,68.18,2,caught,2,v South Africa,Wankhede,28-11-2005,ODI # 2300
358,100,188,113,10,1,88.49,2,lbw,1,v Pakistan,Peshawar,06-02-2006,ODI # 2324
359,42,71,43,8,0,97.67,2,caught,2,v Pakistan,Rawalpindi,11-02-2006,ODI # 2327
360,95,157,104,16,1,91.34,2,caught,2,v Pakistan,Lahore,13-02-2006,ODI # 2329
361,0,7,3,0,0,0.00,2,caught,2,v Pakistan,Multan,16-02-2006,ODI # 2331
362,2*,16,3,0,0,66.66,2,not out,1,v Sri Lanka,Colombo (SSC),18-08-2006,ODI # 2405
363,141*,-,148,13,5,95.27,2,not out,1,v West Indies,Kuala Lumpur,14-09-2006,ODI # 2414
364,12,30,17,2,0,70.58,2,caught,2,v Australia,Kuala Lumpur,16-09-2006,ODI # 2416
365,65,154,102,7,0,63.72,2,run out,1,v West Indies,Kuala Lumpur,20-09-2006,ODI # 2419
366,4,11,10,1,0,40.00,2,caught,2,v Australia,Kuala Lumpur,22-09-2006,ODI # 2421
367,35,87,41,5,0,85.36,2,lbw,2,v England,Jaipur,15-10-2006,ODI # 2429
368,29,81,45,4,0,64.44,2,bowled,1,v West Indies,Ahmedabad,26-10-2006,ODI # 2437
369,10,46,26,2,0,38.46,2,caught,1,v Australia,Mohali,29-10-2006,ODI # 2440
370,35,79,51,5,0,68.62,2,bowled,2,v South Africa,Durban,22-11-2006,ODI # 2447
371,2,20,9,0,0,22.22,2,caught,2,v South Africa,Cape Town,26-11-2006,ODI # 2449
372,1,4,3,0,0,33.33,3,caught,2,v South Africa,Gqeberha,29-11-2006,ODI # 2452
373,55,134,97,8,0,56.70,2,caught,1,v South Africa,Centurion,03-12-2006,ODI # 2458
374,31,54,38,3,0,81.57,3,lbw,1,v West Indies,Nagpur,21-01-2007,ODI # 2480
375,0,6,6,0,0,0.00,4,caught,1,v West Indies,Cuttack,24-01-2007,ODI # 2485
376,60,112,66,2,0,90.90,4,caught,1,v West Indies,Chennai,27-01-2007,ODI # 2487
377,100*,110,76,10,1,131.57,4,not out,1,v West Indies,Vadodara,31-01-2007,ODI # 2493
378,TDNB,-,-,-,-,-,-,-,-,v Sri Lanka,Eden Gardens,08-02-2007,ODI # 2514
379,54,94,61,9,0,88.52,4,stumped,2,v Sri Lanka,Rajkot,11-02-2007,ODI # 2520
380,1,13,8,0,0,12.50,3,bowled,2,v Sri Lanka,Margao,14-02-2007,ODI # 2522
381,7,40,26,1,0,26.92,4,caught,1,v Bangladesh,Port of Spain,17-03-2007,ODI # 2538
382,57*,46,29,2,4,196.55,6,not out,1,v Bermuda,Port of Spain,19-03-2007,ODI # 2542
383,0,5,3,0,0,0.00,4,bowled,2,v Sri Lanka,Port of Spain,23-03-2007,ODI # 2550
384,4,4,3,1,0,133.33,2,bowled,2,v Ireland,Belfast,23-06-2007,ODI # 2590
385,99,199,143,12,0,69.23,2,run out,1,v South Africa,Belfast,26-06-2007,ODI # 2592
386,93,140,106,13,2,87.73,2,bowled,2,v South Africa,Belfast,29-06-2007,ODI # 2593
387,8,10,8,2,0,100.00,2,caught,2,v South Africa,Belfast,01-07-2007,ODI # 2595
388,17,52,33,1,0,51.51,2,caught,2,v England,Southampton,21-08-2007,ODI # 2611
389,99,158,112,15,1,88.39,2,caught,1,v England,Bristol,24-08-2007,ODI # 2613
390,8,42,19,1,0,42.10,2,caught,2,v England,Birmingham,27-08-2007,ODI # 2616
391,55,128,86,9,0,63.95,2,caught,1,v England,Manchester,30-08-2007,ODI # 2617
392,71,87,59,13,0,120.33,2,caught,1,v England,Leeds,02-09-2007,ODI # 2618
393,94,120,81,16,1,116.04,2,caught,2,v England,The Oval,05-09-2007,ODI # 2619
394,30,80,46,4,0,65.21,2,caught,1,v England,Lord's,08-09-2007,ODI # 2620
395,0,9,6,0,0,0.00,2,lbw,2,v Australia,Bengaluru,29-09-2007,ODI # 2621
396,16,43,25,1,1,64.00,2,caught,2,v Australia,Kochi,02-10-2007,ODI # 2623
397,43,119,71,6,0,60.56,2,bowled,2,v Australia,Hyderabad,05-10-2007,ODI # 2625
398,79,184,119,7,0,66.38,2,run out,1,v Australia,Chandigarh,08-10-2007,ODI # 2627
399,47,128,73,9,0,64.38,2,caught,1,v Australia,Vadodara,11-10-2007,ODI # 2629
400,72,105,72,9,1,100.00,2,stumped,2,v Australia,Nagpur,14-10-2007,ODI # 2631
401,21,52,36,4,0,58.33,2,bowled,2,v Australia,Wankhede,17-10-2007,ODI # 2632
402,4,14,7,1,0,57.14,2,lbw,2,v Pakistan,Guwahati,05-11-2007,ODI # 2643
403,99,130,91,14,1,108.79,2,caught,1,v Pakistan,Mohali,08-11-2007,ODI # 2644
404,29,54,27,5,0,107.40,2,caught,1,v Pakistan,Kanpur,11-11-2007,ODI # 2645
405,97,149,102,16,0,95.09,2,bowled,2,v Pakistan,Gwalior,15-11-2007,ODI # 2646
406,30,54,27,6,0,111.11,2,caught,2,v Pakistan,Jaipur,18-11-2007,ODI # 2647
407,10,30,17,1,0,58.82,2,hit wicket,1,v Australia,Brisbane,03-02-2008,ODI # 2670
408,35,70,52,2,0,67.30,2,bowled,1,v Sri Lanka,Brisbane,05-02-2008,ODI # 2672
409,44,123,54,3,0,81.48,2,caught,2,v Australia,Melbourne,10-02-2008,ODI # 2675
410,32,41,30,4,0,106.66,2,caught,1,v Sri Lanka,Canberra,12-02-2008,ODI # 2676
411,5,23,15,1,0,33.33,2,lbw,2,v Australia,Adelaide,17-02-2008,ODI # 2680
412,0,6,2,0,0,0.00,2,bowled,2,v Sri Lanka,Adelaide,19-02-2008,ODI # 2681
413,2,3,3,0,0,66.66,2,lbw,2,v Australia,Sydney,24-02-2008,ODI # 2685
414,63,92,54,10,0,116.66,2,caught,2,v Sri Lanka,Hobart,26-02-2008,ODI # 2686
415,117*,235,120,10,0,97.50,2,not out,2,v Australia,Sydney,02-03-2008,ODI # 2688
416,91,176,121,7,0,75.20,2,caught,1,v Australia,Brisbane,04-03-2008,ODI # 2689
417,11,40,21,2,0,52.38,2,bowled,1,v England,Bengaluru,23-11-2008,ODI # 2781
418,50,99,57,6,0,87.71,2,bowled,2,v England,Cuttack,26-11-2008,ODI # 2783
419,5,15,16,0,0,31.25,2,lbw,2,v Sri Lanka,Dambulla,28-01-2009,ODI # 2806
420,6,11,9,0,0,66.66,2,lbw,1,v Sri Lanka,Colombo (RPS),31-01-2009,ODI # 2810
421,7,9,12,0,1,58.33,2,lbw,1,v Sri Lanka,Colombo (RPS),03-02-2009,ODI # 2813
422,20,43,23,2,0,86.95,2,caught,1,v New Zealand,Napier,03-03-2009,ODI # 2821
423,61,100,69,7,1,88.40,2,lbw,1,v New Zealand,Wellington,06-03-2009,ODI # 2822
424,163*,206,133,16,5,122.55,2,retired notout,1,v New Zealand,Christchurch,08-03-2009,ODI # 2823
425,46,81,55,6,0,83.63,2,caught,2,v New Zealand,Colombo (RPS),11-09-2009,ODI # 2886
426,27,63,33,5,0,81.81,2,caught,2,v Sri Lanka,Colombo (RPS),12-09-2009,ODI # 2887
427,138,214,133,10,1,103.75,2,lbw,1,v Sri Lanka,Colombo (RPS),14-09-2009,ODI # 2889
428,8,19,14,1,0,57.14,2,caught,2,v Pakistan,Centurion,26-09-2009,ODI # 2898
429,TDNB,-,-,-,-,-,-,-,-,v Australia,Centurion,28-09-2009,ODI # 2901
430,14,40,29,2,0,48.27,2,caught,2,v Australia,Vadodara,25-10-2009,ODI # 2913
431,4,14,8,1,0,50.00,2,caught,1,v Australia,Nagpur,28-10-2009,ODI # 2915
432,32,63,47,2,0,68.08,2,run out,2,v Australia,Delhi,31-10-2009,ODI # 2918
433,40,86,68,6,0,58.82,2,lbw,2,v Australia,Mohali,02-11-2009,ODI # 2919
434,175,210,141,19,4,124.11,2,caught,2,v Australia,Hyderabad,05-11-2009,ODI # 2923
435,10,23,17,2,0,58.82,2,caught,1,v Australia,Guwahati,08-11-2009,ODI # 2925
436,69,91,63,10,1,109.52,2,bowled,1,v Sri Lanka,Rajkot,15-12-2009,ODI # 2932
437,43,76,52,4,0,82.69,2,stumped,1,v Sri Lanka,Nagpur,18-12-2009,ODI # 2933
438,96*,187,104,13,0,92.30,2,not out,2,v Sri Lanka,Cuttack,21-12-2009,ODI # 2934
439,8,-,8,2,0,100.00,2,caught,2,v Sri Lanka,Eden Gardens,24-12-2009,ODI # 2935
440,4,-,5,1,0,80.00,2,run out,1,v South Africa,Jaipur,21-02-2010,ODI # 2961
441,200*,226,147,25,3,136.05,2,not out,1,v South Africa,Gwalior,24-02-2010,ODI # 2962
442,7,16,11,0,0,63.63,2,caught,2,v South Africa,Durban,12-01-2011,ODI # 3079
443,24,78,44,2,0,54.54,2,bowled,1,v South Africa,Johannesburg,15-01-2011,ODI # 3080
444,28,46,29,4,0,96.55,2,run out,1,v Bangladesh,Mirpur,19-02-2011,ODI # 3100
445,120,170,115,10,5,104.34,2,caught,1,v England,Bengaluru,27-02-2011,ODI # 3110
446,38,91,56,4,0,67.85,2,lbw,2,v Ireland,Bengaluru,06-03-2011,ODI # 3121
447,27,45,22,6,0,122.72,2,caught,2,v Netherlands,Delhi,09-03-2011,ODI # 3124
448,111,184,101,8,3,109.90,2,caught,1,v South Africa,Nagpur,12-03-2011,ODI # 3128
449,2,4,4,0,0,50.00,2,caught,1,v West Indies,Chennai,20-03-2011,ODI # 3141
450,53,93,68,7,0,77.94,2,caught,2,v Australia,Ahmedabad,24-03-2011,ODI # 3143
451,85,160,115,11,0,73.91,2,caught,1,v Pakistan,Mohali,30-03-2011,ODI # 3147
452,18,21,14,2,0,128.57,2,caught,2,v Sri Lanka,Wankhede,02-04-2011,ODI # 3148
453,2,9,6,0,0,33.33,2,caught,2,v Australia,Melbourne,05-02-2012,ODI # 3231
454,48,87,63,5,0,76.19,2,bowled,2,v Sri Lanka,Perth,08-02-2012,ODI # 3233
455,15,25,24,2,0,62.50,2,caught,2,v Sri Lanka,Adelaide,14-02-2012,ODI # 3239
456,3,21,12,0,0,25.00,2,caught,2,v Australia,Brisbane,19-02-2012,ODI # 3244
457,22,33,23,3,0,95.65,2,bowled,2,v Sri Lanka,Brisbane,21-02-2012,ODI # 3246
458,14,34,15,2,0,93.33,2,run out,2,v Australia,Sydney,26-02-2012,ODI # 3250
459,39,45,30,5,0,130.00,2,lbw,2,v Sri Lanka,Hobart,28-02-2012,ODI # 3251
460,6,25,19,1,0,31.57,2,caught,1,v Sri Lanka,Mirpur,13-03-2012,ODI # 3259
461,114,205,147,12,1,77.55,2,caught,1,v Bangladesh,Mirpur,16-03-2012,ODI # 3261
462,52,93,48,5,1,108.33,2,caught,2,v Pakistan,Mirpur,18-03-2012,ODI # 3263
